AB,NO,AB,AB,AB,AB,AB,NO,AB,NO,AB,AB,AB,NO,AB,AB,AB,NO,AB,AB,AB,AB,AB,AB,NO,NO,AB,AB,AB,AB,NO,AB,AB,AB,AB,AB,NO,NO,AB,NO,AB,NO,NO,AB,AB,NO,AB,NO,AB,AB,AB,NO,AB,AB,AB,AB,AB,NO,AB,AB,NO,AB
0.11569418846091035,0.04089774397499009,0.04208758136388027,0.10941837948813664,0.030095886895457623,0.1511326785339337,0.26085434990551293,0.009425378531600683,0.18862422135641463,0.018920747497841964,0.15519212374308844,0.04889998366889858,0.18155518745771412,0.021767025173226328,0.044513916431421045,0.15360567389123486,0.08807129692275391,0.02787952313183865,0.15304575041411006,0.08557497142057253,0.028322795884562445,0.2575181391876444,0.01672771387910319,0.0974733453094744,0.08412850243800014,0.02307351328651751,0.0319856286307538,0.03695494949023634,0.09940974733453097,0.07932249259267901,0.015701187504374405,0.038588059631850316,0.0874180528661083,0.1899307094697058,0.19627650887712014,0.04969320859482538,0.044677227445582446,0.027086298205911862,0.15628864055245784,0.04880666308937779,0.022956862562116515,0.04789678743905,0.014021417073000026,0.029839255301775426,0.02720294893031286,0.02251358980939272,0.10015631197069735,0.04535380164710823,0.036535006882392744,0.19695308307864592,0.19476004945990716,0.056039008002239696,0.018104192427034975,0.0012131675337703832,0.04227422252292187,0.18517135991414507,0.08900450271796188,0.034785246016377766,0.15899493735856102,0.0159811492429368,0.02542985791941768,0.028346126029442646
