AB,AB,AB,AB,AB,NO,NO,NO,NO,AB,NO,AB,AB,AB,NO,AB,AB,NO,NO,AB,NO,AB,NO,NO,NO,AB,AB,AB,AB,AB,AB,NO,AB,NO,AB,NO,AB,AB,AB,NO,AB,NO,AB,AB,NO,NO,NO,AB,AB,NO,NO,AB,AB,AB,NO,AB,AB,NO,NO,AB,AB,NO
-0.0013764785479317802,0.03751487296736113,0.013041550988031638,0.07348995637262908,0.09444042647504843,0.01938735039544596,0.02724960922007326,0.018664115904159766,0.02799617385623965,0.07514639665912326,0.02256025009915312,0.08275202389006836,0.0795791241863612,0.08718475141730632,0.01920070923640436,0.12080349018967408,0.18307164687492708,0.019737302568648953,0.039661246296339506,0.12294986351865246,0.016284441126379397,0.16076802836945617,0.025313207195016684,0.030749130952103215,0.01362480461003663,0.09448708676480883,0.2238760702703964,0.0873247322865875,0.015304575041411009,0.07279005202622309,0.12185334670928308,0.030142547185218024,0.038658050066490916,0.025896460817021676,0.11637076266243615,0.029932575881296226,0.11280125049576559,0.20089587756339966,0.08648484707090032,0.04192427034971888,0.011898373888901852,0.030749130952103215,0.10918507803933464,0.1438770034761916,0.004199426078435951,0.022280288360590723,0.0239600587919651,0.11070153745654762,0.20255231784989386,0.02246692951963232,0.021067120826820336,0.2972260457737443,0.08366189954039616,0.08965774677460749,0.03823810745864732,0.19748967641089052,0.024706623428131493,0.03511186804470056,-0.0022630240533793727,0.015467886055572408,0.09432377575064742,0.021417073000023334
