SL,NO,SL,NO,SL,DH,NO,DH,SL,SL,SL,SL,DH,SL,SL,SL,NO,SL,DH,NO,NO,SL,SL,DH,DH,NO,DH,SL,SL,NO,NO,SL,SL,SL,DH,SL,DH,NO,SL,SL,SL,SL,NO,DH,SL,NO,SL,NO,SL,NO,DH,SL,SL,SL,NO,NO,SL,SL,NO,NO,NO,NO
0.08805865921787709,0.017900372439478583,0.15304934823091246,0.0404096834264432,0.11119646182495344,0.04213221601489757,0.01585195530726257,0.021066108007448788,0.08763966480446926,0.1626629422718808,0.14136405959031656,0.31666666666666665,0.03836126629422718,0.26983240223463684,0.1699720670391061,0.1127094972067039,0.02472067039106145,0.09636871508379886,0.0022579143389199266,0.02467411545623836,0.02327746741154562,0.08573091247672253,0.20435288640595897,0.02907355679702048,0.034171322160148974,0.011382681564245808,0.02939944134078212,0.15370111731843572,0.06387337057728118,0.02232309124767225,0.03303072625698324,0.06743482309124768,0.0765828677839851,0.2027001862197393,0.02032122905027933,0.14017690875232772,0.02430167597765363,0.042900372439478585,0.14972067039106146,0.2988128491620112,0.2435288640595903,0.12558193668528864,0.02616387337057728,0.017690875232774673,0.08947858472998138,0.021066108007448788,0.11426908752327745,0.02809590316573557,0.1965782122905028,0.04182960893854748,0.025162942271880817,0.1917597765363128,0.1448556797020484,0.1682262569832402,0.037360335195530725,0.05456238361266294,0.18340316573556795,0.1834962756052141,0.019902234636871505,0.029911545623836126,0.023975791433891988,0.017853817504655492
