NO,NO,DH,SL,NO,SL,NO,NO,DH,SL,DH,NO,SL,SL,DH,NO,SL,DH,SL,DH,SL,DH,SL,SL,SL,SL,SL,SL,SL,SL,NO,DH,NO,SL,SL,NO,SL,SL,SL,SL,SL,SL,DH,DH,SL,DH,DH,SL,SL,DH,SL,SL,NO,DH,NO,SL,SL,SL,SL,SL,SL,NO
0.0430633147113594,0.02944599627560521,0.029166666666666664,0.09620577281191804,0.02509310986964618,0.11191806331471135,0.032122905027932955,0.027513966480446926,0.04667132216014897,0.09171322160148974,0.0075186219739292355,0.011662011173184357,0.09867318435754188,0.16089385474860332,0.039688081936685285,0.026815642458100555,0.09969739292364989,0.03596368715083798,0.15609869646182492,0.030540037243947854,0.23128491620111727,0.018947858472998135,0.15789106145251394,0.09925512104283052,0.25919459962756053,0.3641527001862197,0.3012337057728119,0.21682960893854747,0.14376163873370576,0.101792364990689,0.040502793296089384,0.02216014897579143,0.023626629422718804,0.09013035381750464,0.09350558659217875,0.03282122905027933,0.15551675977653628,0.12539571694599627,0.2837988826815642,0.09653165735567969,0.14823091247672252,0.07937616387337057,0.017527932960893854,0.03917597765363128,0.23996741154562382,0.02960893854748603,0.04443668528864059,0.0892458100558659,0.08165735567970203,0.018202979515828676,0.07558193668528863,0.12493016759776535,0.024813780260707633,0.03912942271880819,0.024278398510242084,0.10218808193668528,0.10293296089385473,0.2613594040968342,0.10144320297951583,0.08412476722532587,0.028095903165735566,0.026233705772811915
