DH,NO,DH,DH,SL,SL,DH,SL,SL,DH,DH,SL,NO,DH,NO,SL,SL,NO,NO,SL,SL,NO,SL,SL,NO,SL,NO,NO,DH,SL,NO,SL,NO,DH,SL,SL,NO,SL,DH,DH,DH,DH,NO,SL,NO,DH,DH,SL,DH,SL,SL,SL,NO,DH,SL,SL,SL,DH,NO,NO,DH,SL
0.029681748287591438,0.015376729882111738,0.03785937281580541,0.018987931596850097,0.1230604352080518,0.1134849261451004,0.03105633474674992,0.1416755975956386,0.1241554447602628,0.028749825264433163,0.045827314663808766,0.15921904850659332,0.03669446903685755,0.038255440100647686,0.029215786776012293,0.12201202180699873,0.12138297376636688,0.023624248637062573,0.03208145007222403,0.3635897674852057,0.08843949489772145,0.03196495969432925,0.08867247565351101,0.10216206141372723,0.021084758398956245,0.19859279623503096,0.02858673873538045,0.02614044079958995,0.05158193933181119,0.1563533852103816,0.010787008993057172,0.07222403429476723,0.09750244629793578,0.016821210568007082,0.15229952005964306,0.16863147104049206,0.029541959834117695,0.19805694049671493,0.03997949769349052,0.043404314803597216,0.02965845021201248,0.017333768230744142,0.036112017147383615,0.1547691160710125,0.017636643213270582,0.03550626718233073,0.04128418992591212,0.098457667396673,0.03750990168212105,0.07476352453287358,0.20364847863566468,0.1526023950421695,0.016984297097059783,0.03883789199012161,0.22494291971483155,0.12778994455058013,0.14060388611900654,0.031429103956013234,0.01649503750990168,0.031475700107171135,0.036531382507804855,0.09540561949582964
