NO,SL,NO,DH,SL,NO,NO,SL,NO,SL,NO,SL,NO,SL,SL,SL,NO,NO,NO,NO,NO,SL,SL,SL,SL,SL,SL,DH,NO,DH,NO,DH,SL,SL,SL,NO,SL,DH,SL,SL,NO,NO,SL,DH,NO,SL,NO,NO,SL,NO,SL,SL,SL,SL,SL,SL,SL,SL,NO,SL,NO,SL
0.020199431526955868,0.10139322491962163,0.017054191323796652,0.03511019989748847,0.15420996225711753,0.0420530264200177,0.0224127487069568,0.14300358790363915,0.03904757467033223,0.1201248776851032,0.0321513442989609,0.2428591398350496,0.03874469968780578,0.18692046036997345,0.10248823447183264,0.3714412189553143,0.0290527002469596,0.01903452774800801,0.042216112949070406,0.029308979078328124,0.05372536228507525,0.0902567447928801,0.11895997390615536,0.0927030427286706,0.2392945342714692,0.21406271841945854,0.0843856297469829,0.02343786403243092,0.036438190205489024,0.02429989282885233,0.028423652206327758,0.03730021900191044,0.28316481058664555,0.08774055263035273,0.07406458226550486,0.07112902474255628,0.1862914123293416,0.03990960346675365,0.11113182051162572,0.10407250361120172,0.028679931037696282,0.023857229392852147,0.1489678952518522,0.024276594753273376,0.02341456595685196,0.1556544429430129,0.033945296118540615,0.026443315782116398,0.10099715763477936,0.05675411211033968,0.26187036950747866,0.10318717673920133,0.08762406225245792,0.08058804342761287,0.11238991659288942,0.16192162527375234,0.26918596523927124,0.11646707981920693,0.02404361399748381,0.09871394622804157,-0.0008853268720003735,0.15714551978006616
