NO,SL,NO,DH,SL,NO,NO,SL,NO,SL,NO,SL,NO,SL,SL,SL,NO,NO,NO,NO,NO,SL,SL,SL,SL,SL,SL,DH,NO,DH,NO,DH,SL,SL,SL,NO,SL,DH,SL,SL,NO,NO,SL,DH,NO,SL,NO,NO,SL,NO,SL,SL,SL,SL,SL,SL,SL,SL,NO,SL,NO,SL
0.02019943152695587,0.10139322491962163,0.017054191323796652,0.03511019989748847,0.15420996225711753,0.0420530264200177,0.022412748706956802,0.14300358790363915,0.03904757467033223,0.1201248776851032,0.0321513442989609,0.24285913983504961,0.038744699687805785,0.18692046036997342,0.10248823447183263,0.3714412189553143,0.0290527002469596,0.019034527748008012,0.042216112949070406,0.029308979078328128,0.053725362285075254,0.0902567447928801,0.11895997390615534,0.0927030427286706,0.23929453427146916,0.21406271841945854,0.0843856297469829,0.02343786403243092,0.036438190205489024,0.024299892828852334,0.028423652206327754,0.03730021900191044,0.28316481058664555,0.08774055263035273,0.07406458226550486,0.07112902474255627,0.18629141232934157,0.039909603466753645,0.11113182051162573,0.10407250361120171,0.028679931037696282,0.023857229392852147,0.1489678952518522,0.024276594753273376,0.02341456595685196,0.1556544429430129,0.03394529611854061,0.026443315782116394,0.10099715763477936,0.05675411211033968,0.26187036950747866,0.10318717673920133,0.08762406225245793,0.08058804342761287,0.11238991659288942,0.16192162527375237,0.26918596523927124,0.11646707981920693,0.024043613997483806,0.09871394622804155,-0.0008853268720003735,0.15714551978006616
